Time (mm-dd-yyyy H:M:S),Time (.1s Delta),Wheatstone Voltage (V),Range,Log Amp Voltage,Battery Voltage
01-22-2025 05:12:52 PM,309,1.65932,0,0.00000,3.76300
01-22-2025 05:12:57 PM,361,1.65932,0,0.00000,3.76300
01-22-2025 05:13:02 PM,412,1.65932,0,0.00000,3.76300
01-22-2025 05:13:07 PM,461,1.65932,0,0.00000,3.76300
01-22-2025 05:17:45 PM,3245,1.65990,0,0.00000,3.76400
01-22-2025 05:20:42 PM,5010,1.65939,0,0.00000,3.76200
01-22-2025 05:20:47 PM,5063,1.65939,0,0.00000,3.76200
01-22-2025 05:20:52 PM,5112,1.65939,0,0.00000,3.76200
01-22-2025 05:20:57 PM,5165,1.65939,0,0.00000,3.76200
01-22-2025 05:25:36 PM,7948,1.65999,0,0.00000,3.76200
01-22-2025 05:28:32 PM,9713,1.66073,0,0.00000,3.76300
01-22-2025 05:28:37 PM,9766,1.66073,0,0.00000,3.76300
01-22-2025 05:28:42 PM,9814,1.66073,0,0.00000,3.76300
01-22-2025 05:28:48 PM,9867,1.66073,0,0.00000,3.76300
01-22-2025 05:33:26 PM,12650,1.66133,0,0.00000,3.76300
01-22-2025 05:36:22 PM,14415,1.66151,0,0.00000,3.76300
01-22-2025 05:36:28 PM,14468,1.66151,0,0.00000,3.76300
01-22-2025 05:36:33 PM,14517,1.66151,0,0.00000,3.76300
01-22-2025 05:36:38 PM,14570,1.66151,0,0.00000,3.76300
01-22-2025 05:41:16 PM,17351,1.66229,0,0.00000,3.76400
01-22-2025 05:44:13 PM,19118,1.66216,0,0.00000,3.76300
01-22-2025 05:44:18 PM,19171,1.66216,0,0.00000,3.76300
01-22-2025 05:44:23 PM,19219,1.66216,0,0.00000,3.76300
01-22-2025 05:44:28 PM,19273,1.66216,0,0.00000,3.76300
01-22-2025 05:49:06 PM,22053,1.66253,0,0.00000,3.76200
01-22-2025 05:52:03 PM,23821,1.66301,0,0.00000,3.76300
01-22-2025 05:52:08 PM,23874,1.66301,0,0.00000,3.76300
01-22-2025 05:52:13 PM,23922,1.66301,0,0.00000,3.76300
01-22-2025 05:52:18 PM,23975,1.66301,0,0.00000,3.76300
01-22-2025 05:59:53 PM,28526,1.66329,0,0.00000,3.76300
01-22-2025 05:59:59 PM,28579,1.66329,0,0.00000,3.76300
01-22-2025 06:00:04 PM,28627,1.66329,0,0.00000,3.76300
01-22-2025 06:07:44 PM,33227,1.66169,0,0.00000,3.76200
01-22-2025 06:07:49 PM,33280,1.66169,0,0.00000,3.76200
01-22-2025 06:07:54 PM,33328,1.66169,0,0.00000,3.76200
01-22-2025 06:12:44 PM,36233,1.66094,0,0.00000,3.76200
01-22-2025 06:12:49 PM,36286,1.66094,0,0.00000,3.76200
01-22-2025 06:12:54 PM,36335,1.66094,0,0.00000,3.76200
01-22-2025 06:15:35 PM,37946,1.65895,0,0.00000,3.76200
01-22-2025 06:15:41 PM,37999,1.65895,0,0.00000,3.76200
01-22-2025 06:15:46 PM,38048,1.65895,0,0.00000,3.76200
01-22-2025 06:18:26 PM,39654,1.65855,0,0.00000,3.76300
01-22-2025 06:18:31 PM,39706,1.65855,0,0.00000,3.76300
01-22-2025 06:18:36 PM,39755,1.65855,0,0.00000,3.76300
01-22-2025 06:26:37 PM,44563,1.65624,0,0.00000,3.76200
01-22-2025 06:26:42 PM,44616,1.65624,0,0.00000,3.76200
01-22-2025 06:26:47 PM,44665,1.65624,0,0.00000,3.76200
01-22-2025 06:29:29 PM,46279,1.65554,0,0.00000,3.76200
01-22-2025 06:29:34 PM,46332,1.65554,0,0.00000,3.76200
01-22-2025 06:29:39 PM,46380,1.65554,0,0.00000,3.76200
01-22-2025 06:32:19 PM,47986,1.65510,0,0.00000,3.76300
01-22-2025 06:32:24 PM,48034,1.65510,0,0.00000,3.76300
01-22-2025 06:32:30 PM,48088,1.65510,0,0.00000,3.76300
01-22-2025 06:35:10 PM,49692,1.65404,0,0.00000,3.76200
01-22-2025 06:35:15 PM,49741,1.65404,0,0.00000,3.76200
01-22-2025 06:35:20 PM,49794,1.65404,0,0.00000,3.76200
01-22-2025 06:38:01 PM,51399,1.65382,0,0.00000,3.76300
01-22-2025 06:38:06 PM,51447,1.65382,0,0.00000,3.76300
01-22-2025 06:38:11 PM,51500,1.65382,0,0.00000,3.76300
01-22-2025 06:40:52 PM,53107,1.65339,0,0.00000,3.76200
01-22-2025 06:40:56 PM,53155,1.65339,0,0.00000,3.76200
01-22-2025 06:41:02 PM,53208,1.65339,0,0.00000,3.76200
01-22-2025 06:43:42 PM,54810,1.65299,0,0.00000,3.76200
01-22-2025 06:43:47 PM,54863,1.65299,0,0.00000,3.76200
01-22-2025 06:43:52 PM,54911,1.65299,0,0.00000,3.76200
01-22-2025 06:51:33 PM,59519,1.65312,0,0.00000,3.76100
01-22-2025 06:51:38 PM,59567,1.65312,0,0.00000,3.76100
01-22-2025 06:51:43 PM,59620,1.65312,0,0.00000,3.76100
01-22-2025 06:54:23 PM,61218,1.65362,0,0.00000,3.76100
01-22-2025 06:54:28 PM,61271,1.65362,0,0.00000,3.76100
01-22-2025 06:54:33 PM,61319,1.65362,0,0.00000,3.76100
01-22-2025 06:57:13 PM,62924,1.65398,0,0.00000,3.76100
01-22-2025 06:57:19 PM,62977,1.65398,0,0.00000,3.76100
01-22-2025 06:57:23 PM,63025,1.65398,0,0.00000,3.76100
01-22-2025 07:00:04 PM,64630,1.65463,0,0.00000,3.76100
01-22-2025 07:00:09 PM,64683,1.65463,0,0.00000,3.76100
01-22-2025 07:00:14 PM,64732,1.65463,0,0.00000,3.76100
01-22-2025 07:02:55 PM,66338,1.65518,0,0.00000,3.76200
01-22-2025 07:03:00 PM,66391,1.65518,0,0.00000,3.76200
01-22-2025 07:03:05 PM,66440,1.65518,0,0.00000,3.76200
01-22-2025 07:05:45 PM,68044,1.65559,0,0.00000,3.76100
01-22-2025 07:05:51 PM,68097,1.65559,0,0.00000,3.76100
01-22-2025 07:05:55 PM,68146,1.65559,0,0.00000,3.76100
01-22-2025 07:08:36 PM,69749,1.65597,0,0.00000,3.76100
01-22-2025 07:08:41 PM,69803,1.65597,0,0.00000,3.76100
01-22-2025 07:08:46 PM,69851,1.65597,0,0.00000,3.76100
01-22-2025 07:11:26 PM,71457,1.65661,0,0.00000,3.76200
01-22-2025 07:11:32 PM,71510,1.65661,0,0.00000,3.76200
01-22-2025 07:11:37 PM,71558,1.65661,0,0.00000,3.76200
01-22-2025 07:14:17 PM,73164,1.65635,0,0.00000,3.76200
01-22-2025 07:14:22 PM,73212,1.65635,0,0.00000,3.76200
01-22-2025 07:14:27 PM,73266,1.65635,0,0.00000,3.76200
01-22-2025 07:19:18 PM,76171,1.65618,0,0.00000,3.76100
01-22-2025 07:19:23 PM,76224,1.65618,0,0.00000,3.76100
01-22-2025 07:19:28 PM,76272,1.65618,0,0.00000,3.76100
01-22-2025 07:22:07 PM,77863,1.65618,0,0.00000,3.76200
01-22-2025 07:22:12 PM,77916,1.65618,0,0.00000,3.76200
01-22-2025 07:22:17 PM,77965,1.65618,0,0.00000,3.76200
01-22-2025 07:24:58 PM,79568,1.65535,0,0.00000,3.76100
01-22-2025 07:25:03 PM,79621,1.65535,0,0.00000,3.76100
01-22-2025 07:25:08 PM,79670,1.65535,0,0.00000,3.76100
01-22-2025 07:27:48 PM,81274,1.65494,0,0.00000,3.76200
01-22-2025 07:27:54 PM,81328,1.65494,0,0.00000,3.76200
01-22-2025 07:27:58 PM,81376,1.65494,0,0.00000,3.76200
01-22-2025 07:30:39 PM,82981,1.65382,0,0.00000,3.76100
01-22-2025 07:30:44 PM,83034,1.65382,0,0.00000,3.76100
01-22-2025 07:30:49 PM,83082,1.65382,0,0.00000,3.76100
01-22-2025 07:33:30 PM,84687,1.65349,0,0.00000,3.76200
01-22-2025 07:33:35 PM,84740,1.65349,0,0.00000,3.76200
01-22-2025 07:33:40 PM,84788,1.65349,0,0.00000,3.76200
01-22-2025 07:36:20 PM,86394,1.65244,0,0.00000,3.76200
01-22-2025 07:36:26 PM,86447,1.65244,0,0.00000,3.76200
01-22-2025 07:36:30 PM,86496,1.65244,0,0.00000,3.76200
01-22-2025 07:39:11 PM,88102,1.65200,0,0.00000,3.76100
01-22-2025 07:39:16 PM,88150,1.65200,0,0.00000,3.76100
01-22-2025 07:39:21 PM,88203,1.65200,0,0.00000,3.76100
01-22-2025 07:42:07 PM,89858,1.65122,0,0.00000,3.76000
01-22-2025 07:42:11 PM,89906,1.65122,0,0.00000,3.76000
01-22-2025 07:44:57 PM,91564,1.65079,0,0.00000,3.76100
01-22-2025 07:45:02 PM,91613,1.65079,0,0.00000,3.76100
01-22-2025 07:47:48 PM,93271,1.64990,0,0.00000,3.76100
01-22-2025 07:47:53 PM,93319,1.64990,0,0.00000,3.76100
01-22-2025 07:50:39 PM,94977,1.64960,0,0.00000,3.76100
01-22-2025 07:50:43 PM,95026,1.64960,0,0.00000,3.76100
01-22-2025 07:53:24 PM,96631,1.64870,0,0.00000,3.76100
01-22-2025 07:53:29 PM,96684,1.64870,0,0.00000,3.76100
01-22-2025 07:53:34 PM,96733,1.64870,0,0.00000,3.76100
01-22-2025 07:56:15 PM,98338,1.64834,0,0.00000,3.76000
01-22-2025 07:56:20 PM,98391,1.64834,0,0.00000,3.76000
01-22-2025 07:56:25 PM,98439,1.64834,0,0.00000,3.76000
01-22-2025 07:59:05 PM,100045,1.64802,0,0.00000,3.76100
01-22-2025 07:59:10 PM,100094,1.64802,0,0.00000,3.76100
01-22-2025 07:59:16 PM,100147,1.64802,0,0.00000,3.76100
01-22-2025 08:04:06 PM,103056,1.64734,0,0.00000,3.76000
01-22-2025 08:04:12 PM,103109,1.64734,0,0.00000,3.76000
01-22-2025 08:04:17 PM,103157,1.64734,0,0.00000,3.76000
01-22-2025 08:06:55 PM,104745,1.64667,0,0.00000,3.76100
01-22-2025 08:07:01 PM,104798,1.64667,0,0.00000,3.76100
01-22-2025 08:07:06 PM,104847,1.64667,0,0.00000,3.76100
01-22-2025 08:09:46 PM,106453,1.64553,0,0.00000,3.76000
01-22-2025 08:09:51 PM,106507,1.64553,0,0.00000,3.76000
01-22-2025 08:09:56 PM,106555,1.64553,0,0.00000,3.76000
01-22-2025 08:12:37 PM,108160,1.64481,0,0.00000,3.76000
01-22-2025 08:12:42 PM,108213,1.64481,0,0.00000,3.76000
01-22-2025 08:12:47 PM,108262,1.64481,0,0.00000,3.76000
01-22-2025 08:15:28 PM,109868,1.64422,0,0.00000,3.75900
01-22-2025 08:15:32 PM,109916,1.64422,0,0.00000,3.75900
01-22-2025 08:15:38 PM,109969,1.64422,0,0.00000,3.75900
01-22-2025 08:18:18 PM,111572,1.64361,0,0.00000,3.76000
01-22-2025 08:18:23 PM,111625,1.64361,0,0.00000,3.76000
01-22-2025 08:18:28 PM,111674,1.64361,0,0.00000,3.76000
01-22-2025 08:21:09 PM,113280,1.64336,0,0.00000,3.76000
01-22-2025 08:21:14 PM,113328,1.64336,0,0.00000,3.76000
01-22-2025 08:21:19 PM,113382,1.64336,0,0.00000,3.76000
01-22-2025 08:23:59 PM,114983,1.64279,0,0.00000,3.76000
01-22-2025 08:24:04 PM,115036,1.64279,0,0.00000,3.76000
01-22-2025 08:24:09 PM,115085,1.64279,0,0.00000,3.76000
01-22-2025 08:26:50 PM,116690,1.64262,0,0.00000,3.76100
01-22-2025 08:26:55 PM,116743,1.64262,0,0.00000,3.76100
01-22-2025 08:27:00 PM,116792,1.64262,0,0.00000,3.76100
01-22-2025 08:29:41 PM,118398,1.64177,0,0.00000,3.76100
01-22-2025 08:29:45 PM,118446,1.64177,0,0.00000,3.76100
01-22-2025 08:29:51 PM,118500,1.64177,0,0.00000,3.76100
01-22-2025 08:34:42 PM,121413,1.64142,0,0.00000,3.76100
01-22-2025 08:34:47 PM,121466,1.64142,0,0.00000,3.76100
01-22-2025 08:34:52 PM,121514,1.64142,0,0.00000,3.76100
01-22-2025 08:37:36 PM,123150,1.63937,0,0.00000,3.75800
01-22-2025 08:37:41 PM,123198,1.63937,0,0.00000,3.75800
01-22-2025 08:40:26 PM,124853,1.63929,0,0.00000,3.75900
01-22-2025 08:40:31 PM,124906,1.63929,0,0.00000,3.75900
01-22-2025 08:43:17 PM,126561,1.63891,0,0.00000,3.75900
01-22-2025 08:43:22 PM,126609,1.63891,0,0.00000,3.75900
01-22-2025 08:46:07 PM,128264,1.63858,0,0.00000,3.76000
01-22-2025 08:46:13 PM,128318,1.63858,0,0.00000,3.76000
01-22-2025 08:48:58 PM,129973,1.63854,0,0.00000,3.76100
01-22-2025 08:49:03 PM,130022,1.63854,0,0.00000,3.76100
01-22-2025 08:51:49 PM,131677,1.63771,0,0.00000,3.76000
01-22-2025 08:51:54 PM,131730,1.63771,0,0.00000,3.76000
01-22-2025 08:54:39 PM,133386,1.63729,0,0.00000,3.76000
01-22-2025 08:54:44 PM,133434,1.63729,0,0.00000,3.76000
01-22-2025 08:57:30 PM,135089,1.63700,0,0.00000,3.76000
01-22-2025 08:57:35 PM,135142,1.63700,0,0.00000,3.76000
01-22-2025 09:00:21 PM,136797,1.63641,0,0.00000,3.76000
01-22-2025 09:00:25 PM,136846,1.63641,0,0.00000,3.76000
01-22-2025 09:05:17 PM,139763,1.63590,0,0.00000,3.75900
01-22-2025 09:05:23 PM,139817,1.63590,0,0.00000,3.75900
01-22-2025 09:05:27 PM,139865,1.63590,0,0.00000,3.75900
01-22-2025 09:08:11 PM,141500,1.63442,0,0.00000,3.75900
01-22-2025 09:08:16 PM,141549,1.63442,0,0.00000,3.75900
01-22-2025 09:11:01 PM,143204,1.63447,0,0.00000,3.75900
01-22-2025 09:11:07 PM,143257,1.63447,0,0.00000,3.75900
01-22-2025 09:13:47 PM,144860,1.63355,0,0.00000,3.75900
01-22-2025 09:13:52 PM,144913,1.63355,0,0.00000,3.75900
01-22-2025 09:13:57 PM,144961,1.63355,0,0.00000,3.75900
01-22-2025 09:16:43 PM,146618,1.63366,0,0.00000,3.75900
01-22-2025 09:16:47 PM,146666,1.63366,0,0.00000,3.75900
01-22-2025 09:19:33 PM,148325,1.63297,0,0.00000,3.75800
01-22-2025 09:19:38 PM,148373,1.63297,0,0.00000,3.75800
01-22-2025 09:22:24 PM,150028,1.63258,0,0.00000,3.75900
01-22-2025 09:22:29 PM,150081,1.63258,0,0.00000,3.75900
01-22-2025 09:25:14 PM,151737,1.63192,0,0.00000,3.75900
01-22-2025 09:25:19 PM,151785,1.63192,0,0.00000,3.75900
01-22-2025 09:28:05 PM,153440,1.63105,0,0.00000,3.75800
01-22-2025 09:28:10 PM,153493,1.63105,0,0.00000,3.75800
01-22-2025 09:30:56 PM,155148,1.63125,0,0.00000,3.75800
01-22-2025 09:31:00 PM,155197,1.63125,0,0.00000,3.75800
01-22-2025 09:33:46 PM,156852,1.63088,0,0.00000,3.75800
01-22-2025 09:33:51 PM,156905,1.63088,0,0.00000,3.75800
01-22-2025 09:36:37 PM,158561,1.63100,0,0.00000,3.75900
01-22-2025 09:36:42 PM,158609,1.63100,0,0.00000,3.75900
01-22-2025 09:39:27 PM,160264,1.62999,0,0.00000,3.75800
01-22-2025 09:39:33 PM,160318,1.62999,0,0.00000,3.75800
01-22-2025 09:42:18 PM,161973,1.62974,0,0.00000,3.75700
01-22-2025 09:42:23 PM,162021,1.62974,0,0.00000,3.75700
01-22-2025 09:45:08 PM,163676,1.62933,0,0.00000,3.75800
01-22-2025 09:45:14 PM,163729,1.62933,0,0.00000,3.75800
01-22-2025 09:47:59 PM,165385,1.62898,0,0.00000,3.75800
01-22-2025 09:48:04 PM,165434,1.62898,0,0.00000,3.75800
01-22-2025 09:50:50 PM,167089,1.62788,0,0.00000,3.75700
01-22-2025 09:50:55 PM,167142,1.62788,0,0.00000,3.75700
01-22-2025 09:53:41 PM,168797,1.62746,0,0.00000,3.75700
01-22-2025 09:53:45 PM,168846,1.62746,0,0.00000,3.75700
01-22-2025 09:56:31 PM,170501,1.62826,0,0.00000,3.75900
01-22-2025 09:56:36 PM,170554,1.62826,0,0.00000,3.75900
01-22-2025 09:59:22 PM,172209,1.62768,0,0.00000,3.75800
01-22-2025 09:59:27 PM,172262,1.62768,0,0.00000,3.75800
01-22-2025 10:02:13 PM,173918,1.62705,0,0.00000,3.75800
01-22-2025 10:02:17 PM,173966,1.62705,0,0.00000,3.75800
01-22-2025 10:05:03 PM,175621,1.62664,0,0.00000,3.75800
01-22-2025 10:05:08 PM,175675,1.62664,0,0.00000,3.75800
01-22-2025 10:07:54 PM,177330,1.62638,0,0.00000,3.75800
01-22-2025 10:07:59 PM,177378,1.62638,0,0.00000,3.75800
01-22-2025 10:10:44 PM,179033,1.62661,0,0.00000,3.75900
01-22-2025 10:10:49 PM,179086,1.62661,0,0.00000,3.75900
01-22-2025 10:13:35 PM,180741,1.62549,0,0.00000,3.75800
01-22-2025 10:13:40 PM,180790,1.62549,0,0.00000,3.75800
01-22-2025 10:16:26 PM,182448,1.62588,0,0.00000,3.75800
01-22-2025 10:16:31 PM,182497,1.62588,0,0.00000,3.75800
01-22-2025 10:19:16 PM,184152,1.62557,0,0.00000,3.75800
01-22-2025 10:19:21 PM,184205,1.62557,0,0.00000,3.75800
01-22-2025 10:22:07 PM,185860,1.62519,0,0.00000,3.75700
01-22-2025 10:22:12 PM,185908,1.62519,0,0.00000,3.75700
01-22-2025 10:24:57 PM,187566,1.62483,0,0.00000,3.75700
01-22-2025 10:25:02 PM,187615,1.62483,0,0.00000,3.75700
01-22-2025 10:27:48 PM,189273,1.62455,0,0.00000,3.75700
01-22-2025 10:27:53 PM,189322,1.62455,0,0.00000,3.75700
01-22-2025 10:30:40 PM,190989,1.62452,0,0.00000,3.75700
01-22-2025 10:30:45 PM,191037,1.62452,0,0.00000,3.75700
01-22-2025 10:33:30 PM,192695,1.62413,0,0.00000,3.75700
01-22-2025 10:33:35 PM,192743,1.62413,0,0.00000,3.75700
01-22-2025 10:36:21 PM,194398,1.62376,0,0.00000,3.75700
01-22-2025 10:36:26 PM,194452,1.62376,0,0.00000,3.75700
01-22-2025 10:39:12 PM,196108,1.62375,0,0.00000,3.75800
01-22-2025 10:39:16 PM,196156,1.62375,0,0.00000,3.75800
01-22-2025 10:42:02 PM,197811,1.62315,0,0.00000,3.75700
01-22-2025 10:42:07 PM,197865,1.62315,0,0.00000,3.75700
01-22-2025 10:44:53 PM,199519,1.62315,0,0.00000,3.75700
01-22-2025 10:44:58 PM,199567,1.62315,0,0.00000,3.75700
01-22-2025 10:47:43 PM,201225,1.62357,0,0.00000,3.75800
01-22-2025 10:47:48 PM,201273,1.62357,0,0.00000,3.75800
01-22-2025 10:50:34 PM,202928,1.62321,0,0.00000,3.75700
01-22-2025 10:50:39 PM,202981,1.62321,0,0.00000,3.75700
01-22-2025 10:53:24 PM,204636,1.62258,0,0.00000,3.75600
01-22-2025 10:53:29 PM,204684,1.62258,0,0.00000,3.75600
01-22-2025 10:56:15 PM,206343,1.62230,0,0.00000,3.75600
01-22-2025 10:56:20 PM,206391,1.62230,0,0.00000,3.75600
01-22-2025 10:59:06 PM,208048,1.62218,0,0.00000,3.75600
01-22-2025 10:59:10 PM,208096,1.62218,0,0.00000,3.75600
01-22-2025 11:01:56 PM,209753,1.62170,0,0.00000,3.75700
01-22-2025 11:02:01 PM,209802,1.62170,0,0.00000,3.75700
01-22-2025 11:04:47 PM,211461,1.62179,0,0.00000,3.75700
01-22-2025 11:04:52 PM,211509,1.62179,0,0.00000,3.75700
01-22-2025 11:07:37 PM,213166,1.62167,0,0.00000,3.75700
01-22-2025 11:07:42 PM,213214,1.62167,0,0.00000,3.75700
01-22-2025 11:10:28 PM,214871,1.62092,0,0.00000,3.75600
01-22-2025 11:10:33 PM,214920,1.62092,0,0.00000,3.75600
01-22-2025 11:15:48 PM,218071,1.62090,0,0.00000,3.75600
01-22-2025 11:15:53 PM,218124,1.62090,0,0.00000,3.75600
01-22-2025 11:18:39 PM,219786,1.62051,0,0.00000,3.75600
01-22-2025 11:18:45 PM,219839,1.62051,0,0.00000,3.75600
01-22-2025 11:21:30 PM,221494,1.62054,0,0.00000,3.75700
01-22-2025 11:21:35 PM,221542,1.62054,0,0.00000,3.75700
01-22-2025 11:24:21 PM,223200,1.61982,0,0.00000,3.75600
01-22-2025 11:24:26 PM,223248,1.61982,0,0.00000,3.75600
01-22-2025 11:27:11 PM,224903,1.61948,0,0.00000,3.75600
01-22-2025 11:27:16 PM,224957,1.61948,0,0.00000,3.75600
01-22-2025 11:30:02 PM,226612,1.61940,0,0.00000,3.75600
01-22-2025 11:30:07 PM,226660,1.61940,0,0.00000,3.75600
01-22-2025 11:32:52 PM,228315,1.61935,0,0.00000,3.75700
01-22-2025 11:32:58 PM,228368,1.61935,0,0.00000,3.75700
01-22-2025 11:35:43 PM,230021,1.61934,0,0.00000,3.75600
01-22-2025 11:35:48 PM,230075,1.61934,0,0.00000,3.75600
01-22-2025 11:38:34 PM,231730,1.61913,0,0.00000,3.75600
01-22-2025 11:38:39 PM,231778,1.61913,0,0.00000,3.75600
01-22-2025 11:41:24 PM,233436,1.61897,0,0.00000,3.75600
01-22-2025 11:41:29 PM,233484,1.61897,0,0.00000,3.75600
01-22-2025 11:44:15 PM,235142,1.61875,0,0.00000,3.75600
01-22-2025 11:44:20 PM,235190,1.61875,0,0.00000,3.75600
01-22-2025 11:47:06 PM,236848,1.61844,0,0.00000,3.75600
01-22-2025 11:47:10 PM,236896,1.61844,0,0.00000,3.75600
01-22-2025 11:49:56 PM,238555,1.61823,0,0.00000,3.75600
01-22-2025 11:50:01 PM,238603,1.61823,0,0.00000,3.75600
01-22-2025 11:52:47 PM,240261,1.61781,0,0.00000,3.75600
01-22-2025 11:52:52 PM,240309,1.61781,0,0.00000,3.75600
01-22-2025 11:55:38 PM,241967,1.61768,0,0.00000,3.75600
01-22-2025 11:55:42 PM,242015,1.61768,0,0.00000,3.75600
01-22-2025 11:58:28 PM,243674,1.61860,0,0.00000,3.75700
01-22-2025 11:58:33 PM,243722,1.61860,0,0.00000,3.75700
01-23-2025 12:01:19 AM,245380,1.61768,0,0.00000,3.75600
01-23-2025 12:01:24 AM,245428,1.61768,0,0.00000,3.75600
01-23-2025 12:04:10 AM,247087,1.61764,0,0.00000,3.75600
01-23-2025 12:04:14 AM,247136,1.61764,0,0.00000,3.75600
01-23-2025 12:07:00 AM,248792,1.61765,0,0.00000,3.75500
01-23-2025 12:07:05 AM,248841,1.61765,0,0.00000,3.75500
01-23-2025 12:09:51 AM,250498,1.61726,0,0.00000,3.75500
01-23-2025 12:09:56 AM,250547,1.61726,0,0.00000,3.75500
01-23-2025 12:12:41 AM,252204,1.61754,0,0.00000,3.75600
01-23-2025 12:12:46 AM,252253,1.61754,0,0.00000,3.75600
01-23-2025 12:15:32 AM,253911,1.61747,0,0.00000,3.75600
01-23-2025 12:15:37 AM,253959,1.61747,0,0.00000,3.75600
01-23-2025 12:18:22 AM,255616,1.61750,0,0.00000,3.75600
01-23-2025 12:18:27 AM,255664,1.61750,0,0.00000,3.75600
01-23-2025 12:21:13 AM,257323,1.61748,0,0.00000,3.75700
01-23-2025 12:21:18 AM,257371,1.61748,0,0.00000,3.75700
01-23-2025 12:24:04 AM,259029,1.61689,0,0.00000,3.75600
01-23-2025 12:24:09 AM,259077,1.61689,0,0.00000,3.75600
01-23-2025 12:26:54 AM,260735,1.61696,0,0.00000,3.75500
01-23-2025 12:26:59 AM,260783,1.61696,0,0.00000,3.75500
01-23-2025 12:29:45 AM,262441,1.61666,0,0.00000,3.75500
01-23-2025 12:29:50 AM,262489,1.61666,0,0.00000,3.75500
01-23-2025 12:32:35 AM,264145,1.61677,0,0.00000,3.75600
01-23-2025 12:32:41 AM,264198,1.61677,0,0.00000,3.75600
01-23-2025 12:35:26 AM,265854,1.61671,0,0.00000,3.75500
01-23-2025 12:35:31 AM,265903,1.61671,0,0.00000,3.75500
01-23-2025 12:38:17 AM,267558,1.61637,0,0.00000,3.75500
01-23-2025 12:38:22 AM,267611,1.61637,0,0.00000,3.75500
01-23-2025 12:41:07 AM,269265,1.61599,0,0.00000,3.75400
01-23-2025 12:41:12 AM,269314,1.61599,0,0.00000,3.75400
01-23-2025 12:43:58 AM,270969,1.61587,0,0.00000,3.75400
01-23-2025 12:44:03 AM,271022,1.61587,0,0.00000,3.75400
01-23-2025 12:46:49 AM,272677,1.61592,0,0.00000,3.75500
01-23-2025 12:46:53 AM,272726,1.61592,0,0.00000,3.75500
01-23-2025 12:49:39 AM,274383,1.61495,0,0.00000,3.75400
01-23-2025 12:49:44 AM,274432,1.61495,0,0.00000,3.75400
01-23-2025 12:52:30 AM,276090,1.61545,0,0.00000,3.75500
01-23-2025 12:52:35 AM,276138,1.61545,0,0.00000,3.75500
01-23-2025 12:55:20 AM,277797,1.61589,0,0.00000,3.75600
01-23-2025 12:55:25 AM,277845,1.61589,0,0.00000,3.75600
01-23-2025 12:58:11 AM,279502,1.61582,0,0.00000,3.75500
01-23-2025 12:58:16 AM,279550,1.61582,0,0.00000,3.75500
01-23-2025 01:01:03 AM,281218,1.61458,0,0.00000,3.75400
01-23-2025 01:01:07 AM,281266,1.61458,0,0.00000,3.75400
01-23-2025 01:03:53 AM,282923,1.61514,0,0.00000,3.75600
01-23-2025 01:03:58 AM,282971,1.61514,0,0.00000,3.75600
01-23-2025 01:06:44 AM,284630,1.61471,0,0.00000,3.75500
01-23-2025 01:06:49 AM,284678,1.61471,0,0.00000,3.75500
01-23-2025 01:09:34 AM,286335,1.61533,0,0.00000,3.75500
01-23-2025 01:09:39 AM,286383,1.61533,0,0.00000,3.75500
01-23-2025 01:12:25 AM,288041,1.61480,0,0.00000,3.75400
01-23-2025 01:12:30 AM,288089,1.61480,0,0.00000,3.75400
01-23-2025 01:15:16 AM,289747,1.61480,0,0.00000,3.75500
01-23-2025 01:15:20 AM,289796,1.61480,0,0.00000,3.75500
01-23-2025 01:18:06 AM,291453,1.61406,0,0.00000,3.75400
01-23-2025 01:18:11 AM,291502,1.61406,0,0.00000,3.75400
01-23-2025 01:20:57 AM,293160,1.61455,0,0.00000,3.75400
01-23-2025 01:21:02 AM,293209,1.61455,0,0.00000,3.75400
01-23-2025 01:23:47 AM,294866,1.61405,0,0.00000,3.75300
01-23-2025 01:23:52 AM,294914,1.61405,0,0.00000,3.75300
01-23-2025 01:26:38 AM,296572,1.61415,0,0.00000,3.75300
01-23-2025 01:26:43 AM,296620,1.61415,0,0.00000,3.75300
01-23-2025 01:29:29 AM,298278,1.61394,0,0.00000,3.75300
01-23-2025 01:29:33 AM,298326,1.61394,0,0.00000,3.75300
01-23-2025 01:32:19 AM,299984,1.61420,0,0.00000,3.75400
01-23-2025 01:32:24 AM,300032,1.61420,0,0.00000,3.75400
01-23-2025 01:35:10 AM,301690,1.61408,0,0.00000,3.75300
01-23-2025 01:35:15 AM,301739,1.61408,0,0.00000,3.75300
01-23-2025 01:38:00 AM,303396,1.61448,0,0.00000,3.75500
01-23-2025 01:38:05 AM,303444,1.61448,0,0.00000,3.75500
01-23-2025 01:40:56 AM,305150,1.61350,0,0.00000,3.75300
01-23-2025 01:43:42 AM,306809,1.61316,0,0.00000,3.75300
01-23-2025 01:43:47 AM,306857,1.61316,0,0.00000,3.75300
01-23-2025 01:46:32 AM,308515,1.61337,0,0.00000,3.75300
01-23-2025 01:46:37 AM,308564,1.61337,0,0.00000,3.75300
01-23-2025 01:49:02 AM,310015,1.61351,0,0.00000,3.75300
01-23-2025 01:49:07 AM,310064,1.61351,0,0.00000,3.75300
01-23-2025 01:51:52 AM,311711,1.61327,0,0.00000,3.75300
01-23-2025 01:51:57 AM,311760,1.61327,0,0.00000,3.75300
01-23-2025 01:54:43 AM,313417,1.61338,0,0.00000,3.75300
01-23-2025 01:54:47 AM,313466,1.61338,0,0.00000,3.75300
01-23-2025 01:57:38 AM,315171,1.61317,0,0.00000,3.75300
01-23-2025 02:00:03 AM,316623,1.61354,0,0.00000,3.75400
01-23-2025 02:00:08 AM,316671,1.61354,0,0.00000,3.75400
01-23-2025 02:02:53 AM,318319,1.61356,0,0.00000,3.75400
01-23-2025 02:02:58 AM,318367,1.61356,0,0.00000,3.75400
01-23-2025 02:05:23 AM,319819,1.61279,0,0.00000,3.75400
01-23-2025 02:05:28 AM,319867,1.61279,0,0.00000,3.75400
01-23-2025 02:08:13 AM,321518,1.61255,0,0.00000,3.75300
01-23-2025 02:08:17 AM,321566,1.61255,0,0.00000,3.75300
01-23-2025 02:11:03 AM,323221,1.61252,0,0.00000,3.75300
01-23-2025 02:11:08 AM,323275,1.61252,0,0.00000,3.75300
01-23-2025 02:11:13 AM,323323,1.61252,0,0.00000,3.75300
01-23-2025 02:13:34 AM,324731,1.61201,0,0.00000,3.75300
01-23-2025 02:13:39 AM,324780,1.61201,0,0.00000,3.75300
01-23-2025 02:16:23 AM,326422,1.61298,0,0.00000,3.75400
01-23-2025 02:16:28 AM,326471,1.61298,0,0.00000,3.75400
01-23-2025 02:16:33 AM,326524,1.61298,0,0.00000,3.75400
01-23-2025 02:18:54 AM,327929,1.61301,0,0.00000,3.75400
01-23-2025 02:18:59 AM,327977,1.61301,0,0.00000,3.75400
01-23-2025 02:21:43 AM,329621,1.61276,0,0.00000,3.75400
01-23-2025 02:21:48 AM,329669,1.61276,0,0.00000,3.75400
01-23-2025 02:21:53 AM,329722,1.61276,0,0.00000,3.75400
01-23-2025 02:24:13 AM,331124,1.61218,0,0.00000,3.75300
01-23-2025 02:24:19 AM,331177,1.61218,0,0.00000,3.75300
01-23-2025 02:27:03 AM,332819,1.61264,0,0.00000,3.75400
01-23-2025 02:27:08 AM,332867,1.61264,0,0.00000,3.75400
01-23-2025 02:27:13 AM,332920,1.61264,0,0.00000,3.75400
01-23-2025 02:29:33 AM,334322,1.61263,0,0.00000,3.75400
01-23-2025 02:29:38 AM,334375,1.61263,0,0.00000,3.75400
01-23-2025 02:32:22 AM,336016,1.61272,0,0.00000,3.75400
01-23-2025 02:32:27 AM,336065,1.61272,0,0.00000,3.75400
01-23-2025 02:32:33 AM,336118,1.61272,0,0.00000,3.75400
01-23-2025 02:34:53 AM,337520,1.61213,0,0.00000,3.75300
01-23-2025 02:34:58 AM,337573,1.61213,0,0.00000,3.75300
01-23-2025 02:37:42 AM,339214,1.61241,0,0.00000,3.75300
01-23-2025 02:37:47 AM,339262,1.61241,0,0.00000,3.75300
01-23-2025 02:37:52 AM,339316,1.61241,0,0.00000,3.75300
01-23-2025 02:40:13 AM,340719,1.61196,0,0.00000,3.75300
01-23-2025 02:40:18 AM,340767,1.61196,0,0.00000,3.75300
01-23-2025 02:43:03 AM,342421,1.61184,0,0.00000,3.75300
01-23-2025 02:43:08 AM,342470,1.61184,0,0.00000,3.75300
01-23-2025 02:45:54 AM,344127,1.61208,0,0.00000,3.75300
01-23-2025 02:45:58 AM,344176,1.61208,0,0.00000,3.75300
01-23-2025 02:48:44 AM,345833,1.61201,0,0.00000,3.75300
01-23-2025 02:48:49 AM,345882,1.61201,0,0.00000,3.75300
01-23-2025 02:51:14 AM,347333,1.61164,0,0.00000,3.75200
01-23-2025 02:51:19 AM,347382,1.61164,0,0.00000,3.75200
01-23-2025 02:54:04 AM,349029,1.61233,0,0.00000,3.75400
01-23-2025 02:54:09 AM,349078,1.61233,0,0.00000,3.75400
01-23-2025 02:56:34 AM,350529,1.61170,0,0.00000,3.75300
01-23-2025 02:56:39 AM,350578,1.61170,0,0.00000,3.75300
01-23-2025 02:59:24 AM,352227,1.61149,0,0.00000,3.75300
01-23-2025 02:59:28 AM,352275,1.61149,0,0.00000,3.75300
01-23-2025 03:01:53 AM,353727,1.61115,0,0.00000,3.75200
01-23-2025 03:01:58 AM,353775,1.61115,0,0.00000,3.75200
01-23-2025 03:04:43 AM,355423,1.61120,0,0.00000,3.75300
01-23-2025 03:04:48 AM,355472,1.61120,0,0.00000,3.75300
01-23-2025 03:07:13 AM,356921,1.61144,0,0.00000,3.75300
01-23-2025 03:07:18 AM,356974,1.61144,0,0.00000,3.75300
01-23-2025 03:09:43 AM,358423,1.61099,0,0.00000,3.75200
01-23-2025 03:09:48 AM,358472,1.61099,0,0.00000,3.75200
01-23-2025 03:12:32 AM,360110,1.61081,0,0.00000,3.75200
01-23-2025 03:12:37 AM,360159,1.61081,0,0.00000,3.75200
01-23-2025 03:15:02 AM,361611,1.61109,0,0.00000,3.75300
01-23-2025 03:15:07 AM,361659,1.61109,0,0.00000,3.75300
01-23-2025 03:17:52 AM,363308,1.61075,0,0.00000,3.75300
01-23-2025 03:17:56 AM,363356,1.61075,0,0.00000,3.75300
01-23-2025 03:20:22 AM,364808,1.61038,0,0.00000,3.75200
01-23-2025 03:20:26 AM,364856,1.61038,0,0.00000,3.75200
01-23-2025 03:23:11 AM,366505,1.61031,0,0.00000,3.75200
01-23-2025 03:23:16 AM,366553,1.61031,0,0.00000,3.75200
01-23-2025 03:25:41 AM,368005,1.61020,0,0.00000,3.75200
01-23-2025 03:25:46 AM,368053,1.61020,0,0.00000,3.75200
01-23-2025 03:28:11 AM,369505,1.61043,0,0.00000,3.75300
01-23-2025 03:28:16 AM,369553,1.61043,0,0.00000,3.75300
01-23-2025 03:31:00 AM,371194,1.60984,0,0.00000,3.75200
01-23-2025 03:31:05 AM,371242,1.60984,0,0.00000,3.75200
01-23-2025 03:31:10 AM,371295,1.60984,0,0.00000,3.75200
01-23-2025 03:33:31 AM,372701,1.60977,0,0.00000,3.75200
01-23-2025 03:33:36 AM,372749,1.60977,0,0.00000,3.75200
01-23-2025 03:36:20 AM,374392,1.60989,0,0.00000,3.75200
01-23-2025 03:36:25 AM,374440,1.60989,0,0.00000,3.75200
01-23-2025 03:36:30 AM,374494,1.60989,0,0.00000,3.75200
01-23-2025 03:38:51 AM,375899,1.60968,0,0.00000,3.75200
01-23-2025 03:38:56 AM,375947,1.60968,0,0.00000,3.75200
01-23-2025 03:41:40 AM,377589,1.60966,0,0.00000,3.75100
01-23-2025 03:41:45 AM,377637,1.60966,0,0.00000,3.75100
01-23-2025 03:41:50 AM,377690,1.60966,0,0.00000,3.75100
01-23-2025 03:44:11 AM,379097,1.60999,0,0.00000,3.75200
01-23-2025 03:44:15 AM,379145,1.60999,0,0.00000,3.75200
01-23-2025 03:46:59 AM,380786,1.60996,0,0.00000,3.75200
01-23-2025 03:47:04 AM,380835,1.60996,0,0.00000,3.75200
01-23-2025 03:47:10 AM,380888,1.60996,0,0.00000,3.75200
01-23-2025 03:49:30 AM,382294,1.60932,0,0.00000,3.75100
01-23-2025 03:49:35 AM,382342,1.60932,0,0.00000,3.75100
01-23-2025 03:52:19 AM,383982,1.60968,0,0.00000,3.75200
01-23-2025 03:52:24 AM,384031,1.60968,0,0.00000,3.75200
01-23-2025 03:52:29 AM,384084,1.60968,0,0.00000,3.75200
01-23-2025 03:54:50 AM,385490,1.60954,0,0.00000,3.75200
01-23-2025 03:54:55 AM,385538,1.60954,0,0.00000,3.75200
01-23-2025 03:57:39 AM,387179,1.60948,0,0.00000,3.75100
01-23-2025 03:57:44 AM,387228,1.60948,0,0.00000,3.75100
01-23-2025 03:57:49 AM,387281,1.60948,0,0.00000,3.75100
01-23-2025 04:00:09 AM,388686,1.60923,0,0.00000,3.75200
01-23-2025 04:00:14 AM,388734,1.60923,0,0.00000,3.75200
01-23-2025 04:02:59 AM,390377,1.60912,0,0.00000,3.75200
01-23-2025 04:03:03 AM,390426,1.60912,0,0.00000,3.75200
01-23-2025 04:03:09 AM,390479,1.60912,0,0.00000,3.75200
01-23-2025 04:05:29 AM,391884,1.60873,0,0.00000,3.75100
01-23-2025 04:05:35 AM,391937,1.60873,0,0.00000,3.75100
01-23-2025 04:08:18 AM,393572,1.60918,0,0.00000,3.75200
01-23-2025 04:08:23 AM,393625,1.60918,0,0.00000,3.75200
01-23-2025 04:08:28 AM,393673,1.60918,0,0.00000,3.75200
01-23-2025 04:10:49 AM,395084,1.60908,0,0.00000,3.75200
01-23-2025 04:10:54 AM,395132,1.60908,0,0.00000,3.75200
01-23-2025 04:13:43 AM,396818,1.60922,0,0.00000,3.75200
01-23-2025 04:13:48 AM,396871,1.60922,0,0.00000,3.75200
01-23-2025 04:16:09 AM,398281,1.60878,0,0.00000,3.75100
01-23-2025 04:16:14 AM,398329,1.60878,0,0.00000,3.75100
01-23-2025 04:19:02 AM,400016,1.60841,0,0.00000,3.75100
01-23-2025 04:19:08 AM,400070,1.60841,0,0.00000,3.75100
01-23-2025 04:21:29 AM,401479,1.60766,0,0.00000,3.75000
01-23-2025 04:21:34 AM,401527,1.60766,0,0.00000,3.75000
01-23-2025 04:24:22 AM,403214,1.60784,0,0.00000,3.75100
01-23-2025 04:24:28 AM,403267,1.60784,0,0.00000,3.75100
01-23-2025 04:26:49 AM,404679,1.60776,0,0.00000,3.75000
01-23-2025 04:26:54 AM,404728,1.60776,0,0.00000,3.75000
01-23-2025 04:29:42 AM,406412,1.60782,0,0.00000,3.75100
01-23-2025 04:29:47 AM,406465,1.60782,0,0.00000,3.75100
01-23-2025 04:32:09 AM,407877,1.60777,0,0.00000,3.75100
01-23-2025 04:32:13 AM,407926,1.60777,0,0.00000,3.75100
01-23-2025 04:34:39 AM,409377,1.60699,0,0.00000,3.75100
01-23-2025 04:34:43 AM,409426,1.60699,0,0.00000,3.75100
01-23-2025 04:37:31 AM,411101,1.60714,0,0.00000,3.75100
01-23-2025 04:37:36 AM,411154,1.60714,0,0.00000,3.75100
01-23-2025 04:39:58 AM,412571,1.60675,0,0.00000,3.75100
01-23-2025 04:40:03 AM,412624,1.60675,0,0.00000,3.75100
01-23-2025 04:42:51 AM,414299,1.60663,0,0.00000,3.75100
01-23-2025 04:42:56 AM,414352,1.60663,0,0.00000,3.75100
01-23-2025 04:45:18 AM,415771,1.60674,0,0.00000,3.75100
01-23-2025 04:45:23 AM,415819,1.60674,0,0.00000,3.75100
01-23-2025 04:48:11 AM,417497,1.60661,0,0.00000,3.75100
01-23-2025 04:48:16 AM,417550,1.60661,0,0.00000,3.75100
01-23-2025 04:50:38 AM,418969,1.60673,0,0.00000,3.75100
01-23-2025 04:50:43 AM,419017,1.60673,0,0.00000,3.75100
01-23-2025 04:53:30 AM,420696,1.60619,0,0.00000,3.75100
01-23-2025 04:53:36 AM,420749,1.60619,0,0.00000,3.75100
01-23-2025 04:55:57 AM,422165,1.60648,0,0.00000,3.75100
01-23-2025 04:56:02 AM,422213,1.60648,0,0.00000,3.75100
01-23-2025 04:58:27 AM,423666,1.60651,0,0.00000,3.75100
01-23-2025 04:58:32 AM,423714,1.60651,0,0.00000,3.75100
01-23-2025 05:01:19 AM,425384,1.60635,0,0.00000,3.75100
01-23-2025 05:01:25 AM,425438,1.60635,0,0.00000,3.75100
01-23-2025 05:03:47 AM,426864,1.60617,0,0.00000,3.75100
01-23-2025 05:03:52 AM,426912,1.60617,0,0.00000,3.75100
01-23-2025 05:06:39 AM,428583,1.60635,0,0.00000,3.75100
01-23-2025 05:06:44 AM,428636,1.60635,0,0.00000,3.75100
01-23-2025 05:09:07 AM,430062,1.60584,0,0.00000,3.75000
01-23-2025 05:09:12 AM,430111,1.60584,0,0.00000,3.75000
01-23-2025 05:11:59 AM,431779,1.60613,0,0.00000,3.75100
01-23-2025 05:12:04 AM,431832,1.60613,0,0.00000,3.75100
01-23-2025 05:14:27 AM,433259,1.60593,0,0.00000,3.75000
01-23-2025 05:14:32 AM,433307,1.60593,0,0.00000,3.75000
01-23-2025 05:17:18 AM,434976,1.60590,0,0.00000,3.75100
01-23-2025 05:17:24 AM,435030,1.60590,0,0.00000,3.75100
01-23-2025 05:19:46 AM,436453,1.60583,0,0.00000,3.75000
01-23-2025 05:19:51 AM,436506,1.60583,0,0.00000,3.75000
01-23-2025 05:22:38 AM,438176,1.60565,0,0.00000,3.75100
01-23-2025 05:22:43 AM,438225,1.60565,0,0.00000,3.75100
01-23-2025 05:25:06 AM,439652,1.60535,0,0.00000,3.75000
01-23-2025 05:25:11 AM,439701,1.60535,0,0.00000,3.75000
01-23-2025 05:27:58 AM,441372,1.60493,0,0.00000,3.75000
01-23-2025 05:28:03 AM,441425,1.60493,0,0.00000,3.75000
01-23-2025 05:30:26 AM,442852,1.60462,0,0.00000,3.74900
01-23-2025 05:30:31 AM,442900,1.60462,0,0.00000,3.74900
01-23-2025 05:33:18 AM,444568,1.60508,0,0.00000,3.75000
01-23-2025 05:33:23 AM,444621,1.60508,0,0.00000,3.75000
01-23-2025 05:35:46 AM,446048,1.60467,0,0.00000,3.75000
01-23-2025 05:35:50 AM,446096,1.60467,0,0.00000,3.75000
01-23-2025 05:38:16 AM,447548,1.60451,0,0.00000,3.75000
01-23-2025 05:38:20 AM,447596,1.60451,0,0.00000,3.75000
01-23-2025 05:41:07 AM,449257,1.60468,0,0.00000,3.75000
01-23-2025 05:41:12 AM,449311,1.60468,0,0.00000,3.75000
01-23-2025 05:43:34 AM,450734,1.60427,0,0.00000,3.75000
01-23-2025 05:43:40 AM,450787,1.60427,0,0.00000,3.75000
01-23-2025 05:46:27 AM,452457,1.60413,0,0.00000,3.75000
01-23-2025 05:46:31 AM,452506,1.60413,0,0.00000,3.75000
01-23-2025 05:48:54 AM,453934,1.60435,0,0.00000,3.75100
01-23-2025 05:48:59 AM,453983,1.60435,0,0.00000,3.75100
01-23-2025 05:51:46 AM,455652,1.60386,0,0.00000,3.74900
01-23-2025 05:51:51 AM,455705,1.60386,0,0.00000,3.74900
01-23-2025 05:54:14 AM,457132,1.60400,0,0.00000,3.75000
01-23-2025 05:54:19 AM,457180,1.60400,0,0.00000,3.75000
01-23-2025 05:57:06 AM,458850,1.60414,0,0.00000,3.75000
01-23-2025 05:57:11 AM,458903,1.60414,0,0.00000,3.75000
01-23-2025 05:59:38 AM,460375,1.60415,0,0.00000,3.75100
01-23-2025 06:02:05 AM,461844,1.60377,0,0.00000,3.75000
01-23-2025 06:02:11 AM,461898,1.60377,0,0.00000,3.75000
01-23-2025 06:04:57 AM,463564,1.60353,0,0.00000,3.74900
01-23-2025 06:07:25 AM,465042,1.60372,0,0.00000,3.75000
01-23-2025 06:07:30 AM,465094,1.60372,0,0.00000,3.75000
01-23-2025 06:10:17 AM,466761,1.60382,0,0.00000,3.75000
01-23-2025 06:12:45 AM,468240,1.60335,0,0.00000,3.75000
01-23-2025 06:12:50 AM,468293,1.60335,0,0.00000,3.75000
01-23-2025 06:15:37 AM,469959,1.60369,0,0.00000,3.75000
01-23-2025 06:15:42 AM,470012,1.60369,0,0.00000,3.75000
01-23-2025 06:18:05 AM,471437,1.60351,0,0.00000,3.75000
01-23-2025 06:18:10 AM,471490,1.60351,0,0.00000,3.75000
01-23-2025 06:20:57 AM,473158,1.60334,0,0.00000,3.75000
01-23-2025 06:21:01 AM,473206,1.60334,0,0.00000,3.75000
01-23-2025 06:23:24 AM,474634,1.60355,0,0.00000,3.75000
01-23-2025 06:23:29 AM,474687,1.60355,0,0.00000,3.75000
01-23-2025 06:26:16 AM,476354,1.60302,0,0.00000,3.75000
01-23-2025 06:26:22 AM,476407,1.60302,0,0.00000,3.75000
01-23-2025 06:28:44 AM,477832,1.60297,0,0.00000,3.75000
01-23-2025 06:28:49 AM,477885,1.60297,0,0.00000,3.75000
01-23-2025 06:31:36 AM,479552,1.60276,0,0.00000,3.75000
01-23-2025 06:31:41 AM,479601,1.60276,0,0.00000,3.75000
01-23-2025 06:34:04 AM,481029,1.60307,0,0.00000,3.75000
01-23-2025 06:34:09 AM,481082,1.60307,0,0.00000,3.75000
01-23-2025 06:36:56 AM,482748,1.60285,0,0.00000,3.75000
01-23-2025 06:37:01 AM,482801,1.60285,0,0.00000,3.75000
01-23-2025 06:39:23 AM,484226,1.60248,0,0.00000,3.75000
01-23-2025 06:39:29 AM,484278,1.60248,0,0.00000,3.75000
01-23-2025 06:42:15 AM,485945,1.60258,0,0.00000,3.74900
01-23-2025 06:42:21 AM,485998,1.60258,0,0.00000,3.74900
01-23-2025 06:44:43 AM,487423,1.60253,0,0.00000,3.75000
01-23-2025 06:44:49 AM,487477,1.60253,0,0.00000,3.75000
01-23-2025 06:47:35 AM,489144,1.60262,0,0.00000,3.75000
01-23-2025 06:47:41 AM,489197,1.60262,0,0.00000,3.75000
01-23-2025 06:50:03 AM,490622,1.60177,0,0.00000,3.74900
01-23-2025 06:50:08 AM,490673,1.60177,0,0.00000,3.74900
01-23-2025 06:52:55 AM,492342,1.60199,0,0.00000,3.74900
01-23-2025 06:53:00 AM,492396,1.60199,0,0.00000,3.74900
01-23-2025 06:55:23 AM,493818,1.60137,0,0.00000,3.74900
01-23-2025 06:55:28 AM,493870,1.60137,0,0.00000,3.74900
01-23-2025 06:58:15 AM,495543,1.60142,0,0.00000,3.74900
01-23-2025 06:58:20 AM,495592,1.60142,0,0.00000,3.74900
01-23-2025 07:00:42 AM,497014,1.60099,0,0.00000,3.74900
01-23-2025 07:00:47 AM,497066,1.60099,0,0.00000,3.74900
01-23-2025 07:03:35 AM,498742,1.60123,0,0.00000,3.74900
01-23-2025 07:03:40 AM,498790,1.60123,0,0.00000,3.74900
01-23-2025 07:06:02 AM,500213,1.60076,0,0.00000,3.74900
01-23-2025 07:06:07 AM,500264,1.60076,0,0.00000,3.74900
01-23-2025 07:08:32 AM,501713,1.60015,0,0.00000,3.74900
01-23-2025 07:08:37 AM,501765,1.60015,0,0.00000,3.74900
01-23-2025 07:11:24 AM,503430,1.60093,0,0.00000,3.74900
01-23-2025 07:11:29 AM,503483,1.60093,0,0.00000,3.74900
01-23-2025 07:13:52 AM,504911,1.60071,0,0.00000,3.74900
01-23-2025 07:13:57 AM,504959,1.60071,0,0.00000,3.74900
01-23-2025 07:16:44 AM,506631,1.60065,0,0.00000,3.74900
01-23-2025 07:19:11 AM,508104,1.59985,0,0.00000,3.74800
01-23-2025 07:19:17 AM,508157,1.59985,0,0.00000,3.74800
01-23-2025 07:22:03 AM,509826,1.60001,0,0.00000,3.74800
01-23-2025 07:24:56 AM,511557,1.60073,0,0.00000,3.75000
01-23-2025 07:27:24 AM,513035,1.60042,0,0.00000,3.74900
01-23-2025 07:29:51 AM,514498,1.60021,0,0.00000,3.74800
01-23-2025 07:29:56 AM,514550,1.60021,0,0.00000,3.74800
01-23-2025 07:32:43 AM,516219,1.60062,0,0.00000,3.74800
01-23-2025 07:32:48 AM,516272,1.60062,0,0.00000,3.74800
01-23-2025 07:35:10 AM,517694,1.60060,0,0.00000,3.74800
01-23-2025 07:35:15 AM,517747,1.60060,0,0.00000,3.74800
01-23-2025 07:38:03 AM,519420,1.60113,0,0.00000,3.74900
01-23-2025 07:38:08 AM,519468,1.60113,0,0.00000,3.74900
01-23-2025 07:40:35 AM,520943,1.60071,0,0.00000,3.74800
01-23-2025 07:43:00 AM,522392,1.60094,0,0.00000,3.74900
01-23-2025 07:43:05 AM,522444,1.60094,0,0.00000,3.74900
01-23-2025 07:45:53 AM,524117,1.60117,0,0.00000,3.74900
01-23-2025 07:48:25 AM,525640,1.60096,0,0.00000,3.74900
01-23-2025 07:51:13 AM,527317,1.60007,0,0.00000,3.74800
01-23-2025 07:53:40 AM,528787,1.60014,0,0.00000,3.74800
01-23-2025 07:53:44 AM,528836,1.60014,0,0.00000,3.74800
01-23-2025 07:56:32 AM,530512,1.60031,0,0.00000,3.74900
01-23-2025 07:59:04 AM,532035,1.59987,0,0.00000,3.74800
01-23-2025 08:01:53 AM,533720,1.59999,0,0.00000,3.74800
01-23-2025 08:04:24 AM,535233,1.60053,0,0.00000,3.74900
01-23-2025 08:07:13 AM,536917,1.60050,0,0.00000,3.74900
01-23-2025 08:09:44 AM,538432,1.60041,0,0.00000,3.74800
01-23-2025 08:12:32 AM,540114,1.60063,0,0.00000,3.74900
01-23-2025 08:15:04 AM,541631,1.60012,0,0.00000,3.74800
01-23-2025 08:17:53 AM,543322,1.60019,0,0.00000,3.74800
01-23-2025 08:20:44 AM,545032,1.60003,0,0.00000,3.74800
01-23-2025 08:25:43 AM,548026,1.60019,0,0.00000,3.74900
01-23-2025 08:28:34 AM,549729,1.60007,0,0.00000,3.74800
01-23-2025 08:31:03 AM,551224,1.59960,0,0.00000,3.74800
01-23-2025 08:33:53 AM,552926,1.59962,0,0.00000,3.74800
01-23-2025 08:36:23 AM,554421,1.59994,0,0.00000,3.74800
01-23-2025 08:39:14 AM,556128,1.60043,0,0.00000,3.74800
01-23-2025 08:41:42 AM,557616,1.60085,0,0.00000,3.74900
01-23-2025 08:44:33 AM,559325,1.60147,0,0.00000,3.74900
01-23-2025 08:47:02 AM,560814,1.60106,0,0.00000,3.74800
01-23-2025 08:49:53 AM,562525,1.60157,0,0.00000,3.74800
01-23-2025 08:52:22 AM,564011,1.60129,0,0.00000,3.74800
01-23-2025 08:55:14 AM,565728,1.60144,0,0.00000,3.74800
01-23-2025 08:57:42 AM,567208,1.60137,0,0.00000,3.74800
01-23-2025 09:00:34 AM,568928,1.60137,0,0.00000,3.74800
01-23-2025 09:03:01 AM,570405,1.60207,0,0.00000,3.74900
01-23-2025 09:05:53 AM,572122,1.60179,0,0.00000,3.74800
01-23-2025 09:08:21 AM,573598,1.60192,0,0.00000,3.74800
01-23-2025 09:11:13 AM,575322,1.60211,0,0.00000,3.74800
01-23-2025 09:13:41 AM,576799,1.60183,0,0.00000,3.74800
01-23-2025 09:16:33 AM,578519,1.60213,0,0.00000,3.74800
01-23-2025 09:19:01 AM,579997,1.60235,0,0.00000,3.74800
01-23-2025 09:21:53 AM,581719,1.60215,0,0.00000,3.74700
01-23-2025 09:24:20 AM,583194,1.60239,0,0.00000,3.74800
01-23-2025 09:27:13 AM,584917,1.60271,0,0.00000,3.74800
01-23-2025 09:29:40 AM,586390,1.60275,0,0.00000,3.74800
01-23-2025 09:32:33 AM,588120,1.60242,0,0.00000,3.74700
01-23-2025 09:37:53 AM,591320,1.60332,0,0.00000,3.74800
01-23-2025 09:43:13 AM,594520,1.60292,0,0.00000,3.74800
01-23-2025 09:45:44 AM,596035,1.60248,0,0.00000,3.74700
01-23-2025 09:53:06 AM,600448,1.60293,0,0.00000,3.74700
01-23-2025 09:53:10 AM,600496,1.60293,0,0.00000,3.74700
01-23-2025 09:58:27 AM,603658,1.60345,0,0.00000,3.74800
01-23-2025 09:58:32 AM,603707,1.60345,0,0.00000,3.74800
01-23-2025 10:01:23 AM,605426,1.60352,0,0.00000,3.74700
01-23-2025 10:03:55 AM,606942,1.60446,0,0.00000,3.74700
01-23-2025 10:06:43 AM,608624,1.60423,0,0.00000,3.74600
01-23-2025 10:09:15 AM,610140,1.60485,0,0.00000,3.74700
01-23-2025 10:12:03 AM,611821,1.60503,0,0.00000,3.74700
01-23-2025 10:14:35 AM,613337,1.60489,0,0.00000,3.74600
01-23-2025 10:17:23 AM,615023,1.60488,0,0.00000,3.74700
01-23-2025 10:19:54 AM,616534,1.60480,0,0.00000,3.74500
01-23-2025 10:22:43 AM,618223,1.60559,0,0.00000,3.74700
01-23-2025 10:25:14 AM,619731,1.60612,0,0.00000,3.74800
01-23-2025 10:28:03 AM,621424,1.60599,0,0.00000,3.74700
01-23-2025 10:30:33 AM,622926,1.60616,0,0.00000,3.74800
01-23-2025 10:33:23 AM,624622,1.60611,0,0.00000,3.74700
01-23-2025 10:35:53 AM,626123,1.60564,0,0.00000,3.74600
01-23-2025 10:38:43 AM,627819,1.60613,0,0.00000,3.74600
01-23-2025 10:41:13 AM,629322,1.60644,0,0.00000,3.74700
01-23-2025 10:44:03 AM,631018,1.60661,0,0.00000,3.74700
01-23-2025 10:46:33 AM,632519,1.60639,0,0.00000,3.74600
01-23-2025 10:49:22 AM,634215,1.60710,0,0.00000,3.74600
01-23-2025 10:51:53 AM,635718,1.60707,0,0.00000,3.74700
01-23-2025 10:54:42 AM,637414,1.60728,0,0.00000,3.74700
01-23-2025 10:57:12 AM,638916,1.60788,0,0.00000,3.74800
01-23-2025 11:00:02 AM,640612,1.60808,0,0.00000,3.74700
01-23-2025 11:02:32 AM,642116,1.60830,0,0.00000,3.74700
01-23-2025 11:05:23 AM,643823,1.60830,0,0.00000,3.74600
01-23-2025 11:08:14 AM,645530,1.60956,0,0.00000,3.74700
01-23-2025 11:11:04 AM,647235,1.60947,0,0.00000,3.74600
01-23-2025 11:13:55 AM,648941,1.61035,0,0.00000,3.74600
01-23-2025 11:16:46 AM,650647,1.61059,0,0.00000,3.74600
01-23-2025 11:19:36 AM,652352,1.61136,0,0.00000,3.74700
01-23-2025 11:22:28 AM,654069,1.61225,0,0.00000,3.74700
01-23-2025 11:25:18 AM,655775,1.61249,0,0.00000,3.74700
01-23-2025 11:28:09 AM,657480,1.61320,0,0.00000,3.74600
01-23-2025 11:30:59 AM,659185,1.61330,0,0.00000,3.74600
01-23-2025 11:33:50 AM,660893,1.61372,0,0.00000,3.74500
01-23-2025 11:36:41 AM,662600,1.61470,0,0.00000,3.74500
01-23-2025 11:39:32 AM,664307,1.61682,0,0.00000,3.74700
01-23-2025 11:42:22 AM,666016,1.61761,0,0.00000,3.74500
01-23-2025 11:45:13 AM,667721,1.61916,0,0.00000,3.74600
01-23-2025 11:48:04 AM,669428,1.62081,0,0.00000,3.74600
01-23-2025 11:56:36 AM,674551,1.62589,0,0.00000,3.74500
01-23-2025 11:59:02 AM,676014,1.62769,0,0.00000,3.74600
01-23-2025 12:01:47 PM,677663,1.62982,0,0.00000,3.74600
01-23-2025 12:01:52 PM,677716,1.62982,0,0.00000,3.74600
01-23-2025 12:04:38 PM,679371,1.63035,0,0.00000,3.74600
01-23-2025 12:04:43 PM,679423,1.63035,0,0.00000,3.74600
01-23-2025 12:07:29 PM,681077,1.63142,0,0.00000,3.74600
01-23-2025 12:07:34 PM,681129,1.63142,0,0.00000,3.74600
01-23-2025 12:10:19 PM,682784,1.63337,0,0.00000,3.74600
01-23-2025 12:10:24 PM,682835,1.63337,0,0.00000,3.74600
01-23-2025 12:13:10 PM,684490,1.63436,0,0.00000,3.74600
01-23-2025 12:13:15 PM,684538,1.63436,0,0.00000,3.74600
01-23-2025 12:15:45 PM,686041,1.63576,0,0.00000,3.74600
01-23-2025 12:18:15 PM,687542,1.63770,0,0.00000,3.74600
01-23-2025 12:20:58 PM,689176,1.63871,0,0.00000,3.74700
01-23-2025 12:21:04 PM,689229,1.63871,0,0.00000,3.74700
01-23-2025 12:23:35 PM,690738,1.63858,0,0.00000,3.74600
01-23-2025 12:26:18 PM,692375,1.64005,0,0.00000,3.74600
01-23-2025 12:26:23 PM,692423,1.64005,0,0.00000,3.74600
01-23-2025 12:28:54 PM,693935,1.63990,0,0.00000,3.74600
01-23-2025 12:31:38 PM,695572,1.64155,0,0.00000,3.74600
01-23-2025 12:31:43 PM,695620,1.64155,0,0.00000,3.74600
01-23-2025 12:34:14 PM,697132,1.64175,0,0.00000,3.74700
01-23-2025 12:36:58 PM,698769,1.64253,0,0.00000,3.74500
01-23-2025 12:37:03 PM,698821,1.64253,0,0.00000,3.74500
01-23-2025 12:39:34 PM,700329,1.64320,0,0.00000,3.74600
01-23-2025 12:42:18 PM,701969,1.64382,0,0.00000,3.74600
01-23-2025 12:42:23 PM,702017,1.64382,0,0.00000,3.74600
01-23-2025 12:44:54 PM,703527,1.64406,0,0.00000,3.74600
01-23-2025 12:47:37 PM,705164,1.64441,0,0.00000,3.74500
01-23-2025 12:47:42 PM,705217,1.64441,0,0.00000,3.74500
01-23-2025 12:50:13 PM,706724,1.64480,0,0.00000,3.74500
01-23-2025 12:52:43 PM,708224,1.64560,0,0.00000,3.74600
01-23-2025 12:55:26 PM,709855,1.64641,0,0.00000,3.74600
01-23-2025 12:55:32 PM,709908,1.64641,0,0.00000,3.74600
01-23-2025 12:58:02 PM,711412,1.64615,0,0.00000,3.74600
01-23-2025 01:00:46 PM,713052,1.64645,0,0.00000,3.74600
01-23-2025 01:00:51 PM,713105,1.64645,0,0.00000,3.74600
01-23-2025 01:03:22 PM,714608,1.64668,0,0.00000,3.74600
01-23-2025 01:06:06 PM,716254,1.64736,0,0.00000,3.74600
01-23-2025 01:06:11 PM,716306,1.64736,0,0.00000,3.74600
01-23-2025 01:08:41 PM,717803,1.64713,0,0.00000,3.74500
01-23-2025 01:11:26 PM,719449,1.64701,0,0.00000,3.74500
01-23-2025 01:11:31 PM,719502,1.64701,0,0.00000,3.74500
01-23-2025 01:14:01 PM,721003,1.64734,0,0.00000,3.74500
01-23-2025 01:16:45 PM,722646,1.64835,0,0.00000,3.74600
01-23-2025 01:16:51 PM,722698,1.64835,0,0.00000,3.74600
01-23-2025 01:19:21 PM,724198,1.64814,0,0.00000,3.74600
01-23-2025 01:22:05 PM,725844,1.64811,0,0.00000,3.74600
01-23-2025 01:22:10 PM,725895,1.64811,0,0.00000,3.74600
01-23-2025 01:24:40 PM,727396,1.64819,0,0.00000,3.74600
01-23-2025 01:27:25 PM,729042,1.64837,0,0.00000,3.74600
01-23-2025 01:27:30 PM,729094,1.64837,0,0.00000,3.74600
01-23-2025 01:30:00 PM,730594,1.64840,0,0.00000,3.74600
01-23-2025 01:32:45 PM,732240,1.64835,0,0.00000,3.74600
01-23-2025 01:32:50 PM,732288,1.64835,0,0.00000,3.74600
01-23-2025 01:35:20 PM,733789,1.64889,0,0.00000,3.74700
01-23-2025 01:38:04 PM,735435,1.64800,0,0.00000,3.74500
01-23-2025 01:38:10 PM,735487,1.64800,0,0.00000,3.74500
01-23-2025 01:40:40 PM,736987,1.64811,0,0.00000,3.74500
01-23-2025 01:43:10 PM,738489,1.64834,0,0.00000,3.74600
01-23-2025 01:45:53 PM,740126,1.64816,0,0.00000,3.74500
01-23-2025 01:45:58 PM,740174,1.64816,0,0.00000,3.74500
01-23-2025 01:48:29 PM,741678,1.64839,0,0.00000,3.74600
01-23-2025 01:51:13 PM,743323,1.64811,0,0.00000,3.74500
01-23-2025 01:51:18 PM,743371,1.64811,0,0.00000,3.74500
01-23-2025 01:53:48 PM,744872,1.64819,0,0.00000,3.74500
01-23-2025 01:56:33 PM,746518,1.64830,0,0.00000,3.74600
01-23-2025 01:56:38 PM,746571,1.64830,0,0.00000,3.74600
01-23-2025 01:59:08 PM,748072,1.64850,0,0.00000,3.74600
01-23-2025 02:01:39 PM,749577,1.64779,0,0.00000,3.74500
01-23-2025 02:04:22 PM,751207,1.64758,0,0.00000,3.74500
01-23-2025 02:04:27 PM,751260,1.64758,0,0.00000,3.74500
01-23-2025 02:06:58 PM,752773,1.64799,0,0.00000,3.74500
01-23-2025 02:09:28 PM,754275,1.64792,0,0.00000,3.74500
01-23-2025 02:12:10 PM,755897,1.64787,0,0.00000,3.74500
01-23-2025 02:12:15 PM,755945,1.64787,0,0.00000,3.74500
01-23-2025 02:14:48 PM,757475,1.64805,0,0.00000,3.74500
01-23-2025 02:17:30 PM,759094,1.64827,0,0.00000,3.74500
01-23-2025 02:17:35 PM,759146,1.64827,0,0.00000,3.74500
01-23-2025 02:20:08 PM,760676,1.64809,0,0.00000,3.74500
01-23-2025 02:22:50 PM,762291,1.64785,0,0.00000,3.74500
01-23-2025 02:22:55 PM,762344,1.64785,0,0.00000,3.74500
01-23-2025 02:25:28 PM,763874,1.64796,0,0.00000,3.74500
01-23-2025 02:28:10 PM,765493,1.64784,0,0.00000,3.74500
01-23-2025 02:28:15 PM,765541,1.64784,0,0.00000,3.74500
01-23-2025 02:28:20 PM,765594,1.64784,0,0.00000,3.74500
01-23-2025 02:30:48 PM,767070,1.64780,0,0.00000,3.74500
01-23-2025 02:33:30 PM,768689,1.64773,0,0.00000,3.74500
01-23-2025 02:33:35 PM,768741,1.64773,0,0.00000,3.74500
01-23-2025 02:33:40 PM,768789,1.64773,0,0.00000,3.74500
01-23-2025 02:36:03 PM,770223,1.64799,0,0.00000,3.74500
01-23-2025 02:36:08 PM,770275,1.64799,0,0.00000,3.74500
01-23-2025 02:38:49 PM,771884,1.64747,0,0.00000,3.74500
01-23-2025 02:38:55 PM,771937,1.64747,0,0.00000,3.74500
01-23-2025 02:38:59 PM,771986,1.64747,0,0.00000,3.74500
01-23-2025 02:41:23 PM,773419,1.64768,0,0.00000,3.74500
01-23-2025 02:41:28 PM,773472,1.64768,0,0.00000,3.74500
01-23-2025 02:44:09 PM,775081,1.64801,0,0.00000,3.74600
01-23-2025 02:44:14 PM,775133,1.64801,0,0.00000,3.74600
01-23-2025 02:44:19 PM,775182,1.64801,0,0.00000,3.74600
01-23-2025 02:46:43 PM,776618,1.64775,0,0.00000,3.74500
01-23-2025 02:46:48 PM,776670,1.64775,0,0.00000,3.74500
01-23-2025 02:49:29 PM,778279,1.64819,0,0.00000,3.74500
01-23-2025 02:49:34 PM,778328,1.64819,0,0.00000,3.74500
01-23-2025 02:49:39 PM,778381,1.64819,0,0.00000,3.74500
01-23-2025 02:52:02 PM,779815,1.64824,0,0.00000,3.74500
01-23-2025 02:52:08 PM,779868,1.64824,0,0.00000,3.74500
01-23-2025 02:54:32 PM,781317,1.64848,0,0.00000,3.74400
01-23-2025 02:54:37 PM,781365,1.64848,0,0.00000,3.74400
01-23-2025 02:57:17 PM,782965,1.64850,0,0.00000,3.74400
01-23-2025 02:57:23 PM,783017,1.64850,0,0.00000,3.74400
01-23-2025 02:57:27 PM,783066,1.64850,0,0.00000,3.74400
01-23-2025 02:59:51 PM,784502,1.64859,0,0.00000,3.74400
01-23-2025 02:59:56 PM,784556,1.64859,0,0.00000,3.74400
01-23-2025 03:02:21 PM,786005,1.64828,0,0.00000,3.74400
01-23-2025 03:02:26 PM,786056,1.64828,0,0.00000,3.74400
01-23-2025 03:05:06 PM,787655,1.64856,0,0.00000,3.74500
01-23-2025 03:05:12 PM,787707,1.64856,0,0.00000,3.74500
01-23-2025 03:05:16 PM,787755,1.64856,0,0.00000,3.74500
01-23-2025 03:07:41 PM,789201,1.64854,0,0.00000,3.74400
01-23-2025 03:07:46 PM,789254,1.64854,0,0.00000,3.74400
01-23-2025 03:10:26 PM,790853,1.64915,0,0.00000,3.74500
01-23-2025 03:10:31 PM,790905,1.64915,0,0.00000,3.74500
01-23-2025 03:10:36 PM,790954,1.64915,0,0.00000,3.74500
01-23-2025 03:13:01 PM,792400,1.64877,0,0.00000,3.74400
01-23-2025 03:13:06 PM,792448,1.64877,0,0.00000,3.74400
01-23-2025 03:15:46 PM,794052,1.64901,0,0.00000,3.74400
01-23-2025 03:15:51 PM,794103,1.64901,0,0.00000,3.74400
01-23-2025 03:15:56 PM,794152,1.64901,0,0.00000,3.74400
01-23-2025 03:18:21 PM,795598,1.64889,0,0.00000,3.74400
01-23-2025 03:18:26 PM,795649,1.64889,0,0.00000,3.74400
01-23-2025 03:21:07 PM,797259,1.64909,0,0.00000,3.74500
01-23-2025 03:21:12 PM,797307,1.64909,0,0.00000,3.74500
01-23-2025 03:23:41 PM,798797,1.64883,0,0.00000,3.74400
01-23-2025 03:23:46 PM,798849,1.64883,0,0.00000,3.74400
01-23-2025 03:26:11 PM,800298,1.64919,0,0.00000,3.74400
01-23-2025 03:28:55 PM,801945,1.64915,0,0.00000,3.74400
01-23-2025 03:29:01 PM,801998,1.64915,0,0.00000,3.74400
01-23-2025 03:29:05 PM,802046,1.64915,0,0.00000,3.74400
01-23-2025 03:31:29 PM,803486,1.64906,0,0.00000,3.74400
01-23-2025 03:31:35 PM,803538,1.64906,0,0.00000,3.74400
01-23-2025 03:34:15 PM,805143,1.64939,0,0.00000,3.74500
01-23-2025 03:34:20 PM,805195,1.64939,0,0.00000,3.74500
01-23-2025 03:34:25 PM,805243,1.64939,0,0.00000,3.74500
01-23-2025 03:36:49 PM,806686,1.64919,0,0.00000,3.74500
01-23-2025 03:36:55 PM,806738,1.64919,0,0.00000,3.74500
01-23-2025 03:39:35 PM,808340,1.64929,0,0.00000,3.74400
01-23-2025 03:39:40 PM,808388,1.64929,0,0.00000,3.74400
01-23-2025 03:39:45 PM,808442,1.64929,0,0.00000,3.74400
01-23-2025 03:42:09 PM,809885,1.64914,0,0.00000,3.74400
01-23-2025 03:42:14 PM,809936,1.64914,0,0.00000,3.74400
01-23-2025 03:44:55 PM,811540,1.64957,0,0.00000,3.74400
01-23-2025 03:45:00 PM,811593,1.64957,0,0.00000,3.74400
01-23-2025 03:45:05 PM,811641,1.64957,0,0.00000,3.74400
01-23-2025 03:47:29 PM,813081,1.64952,0,0.00000,3.74500
01-23-2025 03:47:34 PM,813134,1.64952,0,0.00000,3.74500
01-23-2025 03:50:15 PM,814738,1.64887,0,0.00000,3.74300
01-23-2025 03:50:20 PM,814791,1.64887,0,0.00000,3.74300
01-23-2025 03:50:25 PM,814839,1.64887,0,0.00000,3.74300
01-23-2025 03:52:49 PM,816279,1.64899,0,0.00000,3.74300
01-23-2025 03:52:54 PM,816332,1.64899,0,0.00000,3.74300
01-23-2025 03:55:19 PM,817784,1.64905,0,0.00000,3.74300
01-23-2025 03:58:04 PM,819429,1.64915,0,0.00000,3.74400
01-23-2025 03:58:09 PM,819478,1.64915,0,0.00000,3.74400
01-23-2025 03:58:14 PM,819531,1.64915,0,0.00000,3.74400
01-23-2025 04:00:39 PM,820980,1.64919,0,0.00000,3.74400
01-23-2025 04:03:24 PM,822627,1.64940,0,0.00000,3.74400
01-23-2025 04:03:28 PM,822676,1.64940,0,0.00000,3.74400
01-23-2025 04:03:34 PM,822729,1.64940,0,0.00000,3.74400
01-23-2025 04:05:58 PM,824175,1.64916,0,0.00000,3.74300
01-23-2025 04:08:43 PM,825826,1.64914,0,0.00000,3.74400
01-23-2025 04:08:48 PM,825875,1.64914,0,0.00000,3.74400
01-23-2025 04:08:54 PM,825928,1.64914,0,0.00000,3.74400
01-23-2025 04:11:18 PM,827374,1.64944,0,0.00000,3.74400
01-23-2025 04:14:03 PM,829021,1.64986,0,0.00000,3.74400
01-23-2025 04:14:08 PM,829074,1.64986,0,0.00000,3.74400
01-23-2025 04:14:13 PM,829123,1.64986,0,0.00000,3.74400
01-23-2025 04:16:38 PM,830571,1.64955,0,0.00000,3.74400
01-23-2025 04:19:23 PM,832219,1.64959,0,0.00000,3.74400
01-23-2025 04:19:28 PM,832272,1.64959,0,0.00000,3.74400
01-23-2025 04:19:33 PM,832320,1.64959,0,0.00000,3.74400
01-23-2025 04:21:58 PM,833769,1.64965,0,0.00000,3.74300
01-23-2025 04:24:43 PM,835417,1.64990,0,0.00000,3.74400
01-23-2025 04:24:47 PM,835465,1.64990,0,0.00000,3.74400
01-23-2025 04:24:53 PM,835519,1.64990,0,0.00000,3.74400
01-23-2025 04:27:18 PM,836968,1.65003,0,0.00000,3.74500
01-23-2025 04:30:02 PM,838615,1.64970,0,0.00000,3.74400
01-23-2025 04:30:08 PM,838667,1.64970,0,0.00000,3.74400
01-23-2025 04:30:12 PM,838715,1.64970,0,0.00000,3.74400
01-23-2025 04:32:37 PM,840164,1.64978,0,0.00000,3.74400
01-23-2025 04:35:22 PM,841812,1.65004,0,0.00000,3.74400
01-23-2025 04:35:27 PM,841865,1.65004,0,0.00000,3.74400
01-23-2025 04:35:32 PM,841913,1.65004,0,0.00000,3.74400
01-23-2025 04:37:57 PM,843362,1.64974,0,0.00000,3.74300
01-23-2025 04:38:02 PM,843411,1.64974,0,0.00000,3.74300
01-23-2025 04:40:27 PM,844865,1.64994,0,0.00000,3.74400
01-23-2025 04:43:11 PM,846501,1.64981,0,0.00000,3.74400
01-23-2025 04:43:16 PM,846553,1.64981,0,0.00000,3.74400
01-23-2025 04:43:21 PM,846601,1.64981,0,0.00000,3.74400
01-23-2025 04:45:47 PM,848061,1.64992,0,0.00000,3.74400
01-23-2025 04:48:31 PM,849697,1.64978,0,0.00000,3.74400
01-23-2025 04:48:36 PM,849750,1.64978,0,0.00000,3.74400
01-23-2025 04:48:41 PM,849799,1.64978,0,0.00000,3.74400
01-23-2025 04:51:07 PM,851262,1.64985,0,0.00000,3.74400
01-23-2025 04:53:37 PM,852762,1.64951,0,0.00000,3.74400
01-23-2025 04:56:19 PM,854385,1.64929,0,0.00000,3.74400
01-23-2025 04:56:25 PM,854438,1.64929,0,0.00000,3.74400
01-23-2025 04:56:29 PM,854486,1.64929,0,0.00000,3.74400
01-23-2025 04:58:57 PM,855958,1.64921,0,0.00000,3.74300
01-23-2025 05:01:39 PM,857582,1.64858,0,0.00000,3.74300
01-23-2025 05:01:44 PM,857634,1.64858,0,0.00000,3.74300
01-23-2025 05:01:49 PM,857682,1.64858,0,0.00000,3.74300
01-23-2025 05:04:16 PM,859154,1.64844,0,0.00000,3.74300
01-23-2025 05:06:59 PM,860782,1.64842,0,0.00000,3.74300
01-23-2025 05:07:04 PM,860833,1.64842,0,0.00000,3.74300
01-23-2025 05:07:09 PM,860881,1.64842,0,0.00000,3.74300
01-23-2025 05:09:36 PM,862353,1.64840,0,0.00000,3.74300
01-23-2025 05:12:19 PM,863978,1.64817,0,0.00000,3.74300
